id,netgain
1,true
4,true
5,true
9,true
10,true
20,true
28,true
31,true
32,false
34,true
35,true
37,true
42,true
44,true
48,false
53,true
56,true
68,true
69,true
71,true
93,true
102,true
112,true
113,true
118,true
121,true
127,true
146,true
158,true
166,true
169,true
171,true
174,true
178,true
185,true
197,true
203,true
210,true
211,true
214,true
220,true
228,true
232,true
235,true
250,true
253,true
255,true
257,true
266,true
267,true
271,true
282,true
285,true
286,true
295,true
303,true
319,true
326,true
333,true
336,true
338,true
343,true
353,true
357,true
362,true
372,true
379,true
386,true
391,true
401,true
411,true
413,true
417,true
422,true
426,true
428,true
431,true
433,true
438,true
462,false
467,true
471,true
474,true
490,true
508,true
516,true
528,true
541,true
543,true
545,true
552,true
564,true
575,true
590,true
594,true
597,true
602,true
608,true
610,true
616,true
622,true
625,true
631,true
632,true
633,true
649,true
650,true
666,true
670,true
674,true
677,true
680,true
681,true
685,true
686,true
687,true
693,true
704,true
709,true
711,true
714,true
718,true
730,true
736,true
740,true
742,true
747,true
749,true
757,true
773,true
776,true
790,true
795,true
797,true
799,false
804,true
805,true
808,true
812,true
817,true
819,true
820,true
825,true
829,true
848,true
851,true
853,true
858,true
861,true
867,true
869,true
872,true
873,true
874,true
883,true
884,true
885,true
888,true
896,true
897,true
901,true
909,true
912,true
913,true
917,true
919,true
920,true
927,true
932,true
937,true
942,true
951,true
952,true
953,true
956,true
965,true
966,true
967,false
975,true
977,true
983,true
986,true
999,true
1001,true
1002,true
1003,true
1007,true
1009,true
1014,true
1015,true
1031,true
1034,true
1041,true
1046,true
1051,true
1058,true
1062,true
1069,true
1072,true
1081,true
1082,true
1085,true
1088,true
1090,true
1092,true
1102,true
1103,true
1104,true
1106,true
1109,false
1114,true
1117,true
1118,true
1121,true
1125,true
1126,true
1129,true
1136,true
1144,true
1145,true
1152,true
1168,true
1173,true
1177,true
1179,true
1180,true
1181,true
1194,true
1195,true
1199,true
1200,true
1204,true
1206,true
1213,true
1215,true
1217,true
1228,true
1232,true
1234,true
1239,true
1241,true
1248,true
1249,true
1275,true
1277,true
1279,true
1280,true
1291,true
1294,true
1299,true
1303,true
1305,true
1306,true
1311,true
1317,true
1327,true
1334,true
1342,true
1344,true
1352,true
1358,true
1360,false
1363,true
1375,true
1377,true
1379,true
1387,true
1398,true
1405,true
1410,true
1412,true
1416,true
1417,true
1425,false
1431,true
1432,true
1433,true
1447,true
1451,true
1453,true
1456,true
1458,false
1459,true
1471,true
1477,true
1479,true
1481,true
1482,true
1485,true
1487,true
1492,true
1502,true
1506,true
1512,true
1520,true
1527,true
1534,true
1535,true
1547,true
1558,true
1561,false
1570,true
1572,true
1574,true
1577,true
1584,true
1585,true
1589,true
1596,true
1601,true
1608,true
1612,true
1613,true
1617,false
1620,false
1639,true
1654,true
1658,true
1659,true
1663,true
1665,true
1668,true
1671,true
1675,true
1678,true
1687,true
1693,true
1703,true
1706,true
1714,true
1717,true
1719,true
1720,true
1722,true
1727,true
1728,false
1733,true
1739,true
1742,true
1744,true
1749,true
1755,false
1766,true
1767,true
1769,true
1775,true
1782,true
1783,true
1793,true
1804,true
1807,true
1826,true
1828,true
1830,true
1831,true
1834,true
1837,true
1838,true
1848,true
1854,true
1858,true
1859,true
1861,true
1864,true
1867,true
1869,false
1871,true
1875,true
1877,true
1880,true
1882,true
1887,true
1897,true
1898,true
1901,true
1910,true
1917,true
1921,true
1924,false
1929,true
1932,true
1947,true
1961,true
1964,true
1965,true
1974,true
1976,true
1990,true
1992,true
1994,true
2001,true
2003,true
2004,true
2008,true
2014,true
2028,true
2030,true
2051,true
2052,true
2054,true
2064,true
2068,true
2070,true
2072,true
2073,false
2074,true
2075,true
2078,true
2081,true
2088,true
2092,false
2094,true
2097,true
2100,true
2109,false
2115,true
2121,true
2122,true
2125,false
2129,true
2136,true
2138,true
2141,true
2145,true
2151,true
2152,true
2154,true
2159,true
2163,true
2166,true
2172,true
2174,true
2175,true
2182,true
2184,true
2187,true
2188,true
2196,true
2226,true
2230,true
2235,true
2242,true
2249,true
2252,true
2256,true
2258,true
2259,true
2261,true
2262,true
2268,true
2272,true
2274,true
2276,true
2277,true
2278,true
2283,true
2286,true
2289,true
2294,true
2298,true
2303,true
2307,true
2316,true
2322,true
2323,true
2325,true
2329,true
2341,true
2342,true
2345,true
2346,true
2348,true
2349,true
2350,true
2361,false
2368,true
2369,true
2382,true
2385,true
2390,true
2394,true
2397,true
2407,true
2410,true
2417,true
2418,true
2424,true
2426,true
2432,true
2436,true
2438,true
2441,true
2447,true
2451,true
2452,true
2459,true
2460,true
2461,true
2472,true
2475,true
2480,false
2481,true
2483,true
2490,true
2492,true
2495,true
2496,true
2497,true
2498,true
2509,true
2511,true
2512,true
2514,true
2527,true
2529,true
2545,true
2548,true
2561,true
2563,true
2565,true
2569,true
2587,true
2593,true
2600,true
2603,true
2604,true
2605,true
2617,true
2624,true
2627,false
2631,true
2643,true
2644,true
2651,true
2652,true
2663,true
2667,true
2668,true
2669,true
2672,true
2674,true
2679,true
2683,false
2690,true
2702,true
2706,true
2708,true
2711,true
2714,true
2727,false
2731,true
2737,true
2739,true
2747,true
2755,true
2763,true
2767,true
2776,true
2777,true
2781,true
2785,true
2791,true
2800,true
2804,false
2812,true
2822,true
2824,true
2832,true
2835,true
2839,true
2840,false
2845,true
2851,true
2855,false
2865,true
2868,true
2877,true
2882,true
2884,true
2898,false
2912,true
2913,true
2924,false
2936,true
2940,true
2946,true
2952,false
2953,true
2967,true
2970,false
2978,true
2985,true
2990,true
2993,true
3003,true
3007,true
3016,true
3019,true
3023,true
3026,true
3032,true
3038,true
3040,true
3041,false
3042,true
3044,true
3048,true
3053,true
3059,true
3073,true
3079,false
3081,true
3083,true
3086,true
3093,true
3100,true
3102,true
3105,true
3107,true
3111,true
3112,true
3116,true
3118,true
3126,true
3141,true
3145,true
3159,true
3161,true
3167,true
3169,true
3172,true
3176,true
3181,true
3184,false
3185,true
3191,true
3195,true
3196,true
3206,true
3215,true
3223,true
3227,true
3228,true
3234,true
3240,true
3249,true
3252,true
3260,true
3261,true
3266,true
3268,true
3270,true
3273,true
3278,false
3286,true
3288,true
3295,true
3296,true
3297,true
3301,true
3313,true
3315,true
3323,true
3325,false
3335,true
3342,true
3351,false
3358,true
3361,true
3363,true
3367,true
3371,true
3374,true
3375,true
3381,true
3382,false
3388,true
3389,true
3392,true
3393,true
3395,true
3401,true
3403,true
3407,true
3408,true
3413,false
3417,true
3419,true
3422,true
3432,true
3436,true
3438,true
3444,true
3447,true
3449,true
3453,true
3458,true
3460,false
3461,true
3467,true
3473,true
3481,true
3484,true
3496,true
3500,false
3504,true
3508,true
3513,true
3514,true
3529,true
3531,true
3540,true
3566,true
3579,true
3584,true
3596,true
3597,true
3600,true
3605,true
3607,true
3610,true
3619,true
3621,true
3622,true
3626,true
3627,true
3645,true
3650,true
3662,true
3664,true
3667,true
3669,true
3674,true
3676,true
3690,false
3697,true
3699,true
3701,true
3705,true
3715,true
3717,true
3725,true
3727,true
3741,false
3742,false
3748,true
3749,true
3751,true
3752,true
3757,true
3758,false
3760,true
3763,true
3774,false
3783,true
3787,true
3802,true
3803,false
3811,true
3813,false
3816,true
3818,false
3826,true
3833,true
3838,false
3854,true
3859,true
3864,true
3868,true
3874,true
3885,true
3888,true
3895,false
3912,true
3918,true
3923,true
3924,true
3928,true
3943,true
3950,true
3951,true
3972,true
3973,true
3979,true
3985,true
3986,true
4002,false
4031,true
4042,true
4047,true
4061,false
4068,true
4070,true
4072,true
4075,true
4076,false
4078,true
4079,true
4089,true
4090,true
4104,true
4150,true
4154,true
4157,false
4160,true
4162,false
4171,false
4175,true
4176,true
4177,true
4179,true
4184,true
4186,true
4195,true
4199,true
4203,true
4205,true
4208,true
4215,true
4221,true
4222,true
4226,true
4232,true
4235,true
4237,true
4242,true
4246,true
4251,true
4252,true
4260,false
4261,true
4268,true
4273,true
4275,true
4276,true
4278,true
4288,true
4289,true
4295,true
4306,true
4308,true
4310,true
4321,true
4328,true
4329,true
4333,false
4334,true
4338,true
4339,true
4341,true
4342,true
4350,false
4351,true
4352,true
4354,false
4357,true
4358,true
4361,true
4362,true
4367,true
4379,true
4384,true
4390,true
4398,true
4405,true
4406,true
4415,true
4418,true
4420,true
4423,true
4445,true
4447,true
4458,true
4464,true
4465,true
4471,true
4475,true
4489,true
4493,true
4496,true
4505,true
4506,true
4507,false
4509,false
4524,true
4535,true
4539,true
4542,true
4546,true
4547,false
4548,true
4550,true
4556,true
4559,true
4571,true
4577,true
4581,true
4585,true
4587,true
4588,true
4597,true
4602,true
4605,false
4609,true
4618,true
4620,true
4623,true
4624,true
4626,true
4637,true
4651,false
4655,true
4662,true
4664,false
4675,true
4678,false
4681,true
4682,true
4683,false
4687,true
4691,true
4693,true
4694,true
4695,true
4697,false
4710,true
4718,true
4719,false
4727,false
4729,true
4744,true
4748,false
4749,true
4753,true
4756,true
4757,true
4758,true
4760,true
4761,true
4790,true
4791,true
4795,true
4817,true
4818,true
4823,true
4825,true
4826,true
4828,true
4832,true
4849,true
4852,true
4854,false
4855,true
4861,true
4863,true
4870,false
4873,true
4876,true
4882,true
4885,true
4893,false
4896,true
4897,true
4906,true
4911,true
4912,true
4918,true
4919,true
4928,true
4935,false
4941,true
4942,true
4943,true
4944,true
4946,true
4962,true
4964,true
4965,true
4966,true
4972,true
4973,true
5000,true
5002,true
5008,false
5009,true
5013,true
5015,true
5018,true
5023,true
5024,false
5025,true
5026,true
5040,true
5042,false
5057,true
5058,true
5060,true
5063,true
5065,true
5066,true
5072,true
5073,true
5087,true
5094,true
5097,true
5098,true
5105,true
5106,true
5107,true
5126,true
5131,true
5135,true
5140,true
5144,true
5152,true
5154,false
5155,true
5162,true
5172,true
5173,true
5177,true
5178,true
5187,true
5190,true
5198,true
5209,true
5211,true
5220,true
5224,true
5234,true
5239,true
5251,true
5252,true
5266,true
5273,true
5286,true
5288,true
5291,true
5294,true
5310,true
5314,true
5320,true
5321,true
5325,true
5335,true
5340,true
5344,true
5351,true
5357,true
5360,true
5365,true
5366,true
5371,true
5373,true
5375,true
5376,true
5378,true
5382,true
5383,true
5386,true
5389,true
5398,true
5403,true
5406,true
5407,true
5408,true
5415,true
5418,true
5429,true
5435,true
5437,true
5444,true
5445,true
5446,true
5447,true
5449,true
5458,true
5467,true
5472,true
5473,true
5477,true
5483,true
5487,true
5498,true
5501,true
5502,true
5513,true
5515,true
5522,true
5539,true
5543,true
5545,true
5558,false
5559,true
5562,true
5565,true
5567,true
5569,true
5571,true
5572,true
5574,true
5577,true
5583,true
5587,true
5589,true
5594,true
5598,false
5607,false
5611,true
5619,true
5625,true
5626,false
5629,true
5632,true
5633,true
5637,true
5642,true
5649,true
5652,false
5653,true
5654,true
5662,true
5664,true
5669,true
5673,true
5677,true
5678,true
5680,true
5687,true
5693,true
5694,true
5696,true
5697,true
5707,true
5714,true
5715,true
5716,true
5717,true
5720,true
5721,true
5723,true
5728,true
5730,true
5731,false
5743,true
5745,true
5749,true
5754,true
5769,true
5770,true
5779,true
5786,true
5813,true
5818,true
5820,true
5831,true
5835,true
5837,true
5844,true
5846,true
5847,false
5852,false
5853,true
5858,true
5864,true
5872,true
5876,true
5878,true
5889,true
5891,true
5905,true
5923,true
5925,true
5934,true
5938,true
5942,true
5943,true
5948,true
5968,true
5978,false
5980,true
5988,true
5994,true
5996,false
5997,true
6009,true
6010,true
6033,true
6038,true
6041,true
6042,true
6052,true
6054,true
6063,true
6073,true
6076,true
6079,true
6084,true
6096,true
6107,true
6112,true
6121,true
6123,true
6126,true
6134,true
6140,true
6143,true
6144,true
6146,true
6165,false
6171,true
6176,true
6184,true
6185,true
6188,true
6190,true
6194,true
6196,true
6199,true
6200,true
6203,true
6206,true
6210,true
6212,true
6216,true
6217,true
6227,true
6237,true
6247,true
6275,true
6278,true
6283,true
6288,true
6294,false
6297,true
6304,true
6321,true
6324,true
6325,true
6329,true
6344,true
6349,true
6352,true
6358,true
6360,true
6362,true
6363,true
6379,false
6390,true
6393,true
6395,true
6396,true
6398,true
6399,true
6404,false
6407,true
6412,false
6416,true
6421,true
6422,true
6429,true
6436,false
6438,true
6447,true
6452,false
6460,true
6461,true
6466,true
6469,true
6474,true
6475,true
6477,true
6479,true
6480,true
6481,true
6492,true
6494,true
6495,true
6503,true
6506,true
6509,true
6513,true
6516,true
6520,true
6524,true
6533,true
6535,true
6539,true
6540,true
6541,true
6547,true
6548,true
6549,true
6553,true
6554,false
6559,true
6560,false
6561,true
6563,false
6568,true
6571,true
6573,true
6579,true
6588,true
6596,true
6602,true
6604,true
6605,true
6613,false
6620,true
6631,true
6637,true
6650,true
6653,true
6658,true
6665,true
6673,true
6698,true
6700,true
6706,false
6713,true
6727,true
6745,true
6748,false
6756,true
6761,true
6772,true
6774,true
6784,false
6789,true
6791,true
6793,true
6794,false
6801,true
6804,true
6806,true
6809,true
6811,true
6812,true
6818,true
6827,true
6834,true
6836,true
6841,false
6846,true
6847,true
6850,true
6859,true
6862,true
6869,true
6873,true
6874,true
6880,true
6881,false
6883,true
6887,true
6895,true
6899,true
6900,true
6912,true
6913,true
6914,true
6925,true
6931,true
6935,true
6945,true
6946,true
6947,true
6951,true
6963,true
6964,true
6967,true
6968,true
6969,true
6974,true
6975,true
6984,true
6986,true
6987,true
6990,true
7002,true
7011,true
7014,true
7015,true
7020,true
7022,true
7036,true
7048,true
7051,true
7052,true
7053,true
7062,true
7066,true
7085,true
7086,false
7093,true
7094,true
7101,true
7108,true
7111,true
7116,true
7126,true
7127,true
7129,true
7137,true
7144,true
7158,true
7161,true
7162,true
7165,true
7167,true
7169,true
7173,false
7176,true
7178,true
7192,true
7193,true
7202,true
7208,true
7211,true
7212,true
7217,true
7226,true
7249,true
7250,true
7252,true
7253,true
7261,true
7262,true
7264,true
7265,true
7274,true
7275,true
7277,true
7278,true
7281,true
7282,true
7283,true
7284,true
7288,true
7290,true
7291,true
7295,true
7302,true
7305,true
7310,true
7332,true
7333,true
7340,true
7356,true
7367,true
7371,true
7374,true
7380,true
7382,true
7390,true
7393,true
7408,true
7412,true
7418,false
7420,true
7423,true
7432,true
7433,true
7437,false
7445,true
7448,true
7462,true
7473,true
7474,true
7477,true
7497,false
7510,true
7514,true
7522,true
7524,true
7526,true
7528,false
7539,true
7541,true
7544,true
7546,true
7548,true
7549,true
7552,true
7554,true
7559,true
7571,true
7573,true
7578,true
7589,true
7597,true
7604,true
7613,true
7616,true
7621,true
7622,true
7626,true
7628,true
7638,true
7651,true
7652,false
7654,true
7656,true
7661,true
7676,true
7677,true
7681,true
7689,true
7698,true
7700,true
7703,true
7705,true
7714,true
7717,true
7718,true
7725,true
7726,true
7730,true
7734,true
7735,false
7736,true
7750,true
7755,true
7772,true
7777,true
7778,true
7779,true
7782,true
7784,true
7787,true
7796,true
7805,true
7808,true
7818,true
7820,true
7844,true
7849,true
7861,false
7864,true
7879,true
7900,true
7906,true
7908,true
7910,true
7911,true
7913,false
7915,true
7925,true
7927,true
7929,true
7930,false
7936,true
7938,false
7944,true
7948,true
7949,true
7953,true
7983,true
7984,true
7985,true
7988,true
7998,true
8006,true
8010,true
8011,true
8019,true
8021,true
8026,true
8043,true
8046,true
8049,true
8050,true
8053,true
8055,true
8060,false
8065,true
8066,false
8072,true
8075,true
8076,false
8079,true
8087,true
8098,true
8099,true
8105,true
8106,false
8109,true
8112,true
8130,true
8132,true
8140,true
8142,true
8145,true
8147,true
8149,true
8150,true
8175,false
8193,true
8194,true
8207,true
8210,true
8211,true
8218,true
8229,true
8238,true
8242,true
8250,true
8252,true
8254,true
8255,true
8257,true
8270,true
8271,true
8272,true
8273,true
8277,true
8284,true
8294,true
8296,true
8304,true
8307,true
8310,true
8323,true
8334,false
8340,true
8354,true
8358,true
8364,true
8373,true
8376,true
8387,true
8388,true
8392,true
8404,true
8405,false
8409,true
8410,true
8415,true
8418,true
8421,true
8425,true
8431,true
8434,true
8438,true
8439,false
8443,true
8453,true
8454,false
8459,true
8468,true
8474,true
8478,true
8479,true
8484,true
8486,true
8489,true
8490,true
8491,true
8492,true
8496,true
8504,true
8505,true
8512,true
8520,true
8522,false
8523,true
8524,true
8525,true
8531,true
8533,true
8537,true
8543,true
8548,true
8549,true
8552,true
8554,true
8556,true
8558,true
8560,true
8562,true
8573,true
8577,true
8578,true
8580,true
8592,true
8599,true
8620,true
8622,true
8632,true
8640,true
8642,true
8645,true
8646,true
8650,true
8669,true
8670,true
8673,true
8680,true
8682,true
8685,true
8686,false
8693,false
8695,true
8698,true
8699,true
8708,true
8718,true
8726,true
8730,true
8731,true
8737,false
8748,true
8754,true
8760,true
8763,true
8765,true
8772,true
8779,true
8786,true
8803,true
8805,true
8809,true
8820,true
8827,true
8834,true
8835,true
8837,true
8838,true
8842,true
8853,true
8854,true
8856,true
8860,true
8868,true
8872,true
8879,true
8885,true
8894,true
8897,true
8898,true
8899,true
8900,true
8906,true
8909,true
8912,false
8921,false
8927,true
8930,false
8935,true
8936,true
8937,true
8939,true
8955,true
8956,false
8962,true
8963,true
8966,true
8968,true
8969,true
8976,true
8980,true
8982,true
8983,true
8986,true
9001,true
9003,true
9005,true
9008,true
9011,true
9014,true
9015,true
9017,true
9038,true
9039,true
9040,true
9042,true
9044,true
9050,true
9052,true
9058,true
9068,true
9071,true
9072,true
9078,true
9082,true
9084,true
9086,true
9094,true
9102,true
9108,true
9118,true
9123,true
9124,true
9126,true
9127,true
9135,true
9150,true
9160,true
9163,false
9165,false
9170,true
9176,true
9181,true
9186,true
9191,true
9194,true
9197,true
9199,true
9214,true
9215,true
9221,true
9223,true
9224,true
9228,true
9242,true
9243,true
9247,true
9252,true
9253,true
9257,true
9258,true
9265,true
9266,true
9286,true
9291,true
9297,true
9299,true
9300,true
9305,true
9308,true
9312,true
9314,true
9318,true
9326,true
9333,true
9337,false
9347,true
9353,true
9356,true
9361,true
9368,true
9372,true
9376,true
9381,true
9384,true
9389,true
9391,true
9403,true
9404,true
9414,true
9417,true
9422,true
9427,true
9430,true
9434,false
9437,false
9451,true
9458,true
9467,true
9471,true
9479,true
9480,false
9484,true
9494,true
9496,true
9503,true
9518,true
9525,true
9527,true
9529,true
9530,true
9532,true
9550,true
9552,true
9554,true
9555,true
9558,true
9560,true
9563,true
9564,true
9570,true
9571,true
9573,true
9586,true
9587,true
9592,true
9595,true
9597,true
9598,true
9607,true
9608,true
9609,true
9613,false
9619,true
9622,true
9624,true
9629,true
9634,true
9643,true
9645,true
9647,true
9651,true
9654,true
9656,true
9661,true
9670,true
9675,true
9678,true
9685,true
9687,true
9692,true
9696,true
9697,true
9699,true
9719,true
9722,true
9723,true
9725,true
9728,true
9732,true
9734,true
9744,true
9756,true
9758,true
9760,true
9766,false
9769,true
9770,true
9773,true
9776,true
9782,true
9785,true
9786,true
9789,true
9795,true
9799,true
9800,true
9810,true
9813,true
9816,true
9825,true
9832,true
9843,true
9849,true
9858,true
9862,true
9879,true
9883,true
9884,true
9886,true
9887,true
9888,true
9890,true
9895,true
9907,true
9911,true
9915,true
9923,true
9924,true
9928,true
9930,true
9932,true
9934,true
9950,true
9953,true
9958,false
9964,true
9968,true
9970,true
9971,true
9973,false
9981,true
9984,true
9996,true
9997,true
10002,true
10014,true
10017,true
10040,true
10044,true
10050,true
10053,true
10054,true
10055,true
10070,true
10076,false
10077,true
10078,true
10081,false
10083,true
10085,true
10088,false
10089,true
10094,true
10096,true
10097,true
10098,true
10107,true
10114,false
10120,true
10121,true
10123,true
10133,true
10140,true
10155,true
10158,false
10159,true
10167,true
10171,true
10172,true
10173,true
10176,true
10180,true
10186,true
10187,true
10192,true
10193,true
10197,true
10200,true
10202,true
10205,true
10210,true
10213,true
10214,false
10215,true
10218,true
10219,true
10220,true
10225,true
10234,true
10237,true
10248,true
10252,true
10257,true
10262,true
10266,true
10270,true
10274,true
10275,true
10287,true
10290,true
10291,true
10304,true
10306,true
10316,true
10317,true
10323,true
10328,true
10336,true
10344,true
10352,true
10359,false
10368,true
10375,true
10377,false
10380,true
10381,true
10385,true
10391,true
10395,true
10402,true
10415,true
10416,true
10417,false
10421,true
10423,true
10426,true
10427,false
10429,true
10437,true
10453,true
10455,true
10457,true
10464,true
10469,true
10472,true
10473,true
10482,false
10485,true
10486,true
10487,true
10490,true
10502,true
10508,false
10512,true
10523,true
10526,true
10529,true
10531,true
10533,true
10534,true
10536,true
10540,true
10541,true
10542,true
10549,true
10551,true
10559,true
10562,true
10563,true
10566,true
10567,true
10579,true
10583,true
10586,false
10590,true
10592,true
10595,true
10611,true
10614,true
10619,true
10620,true
10631,true
10632,true
10633,true
10634,true
10643,true
10651,true
10659,true
10661,true
10663,true
10673,true
10678,true
10681,true
10690,true
10693,true
10700,true
10704,true
10706,true
10709,true
10714,true
10719,true
10720,true
10731,true
10735,true
10741,true
10747,true
10750,true
10778,true
10779,true
10781,true
10782,true
10787,true
10788,true
10791,true
10795,true
10801,true
10802,true
10818,true
10823,true
10838,true
10848,true
10862,true
10866,true
10870,true
10874,true
10875,true
10883,true
10886,true
10888,false
10893,true
10896,true
10897,true
10900,true
10908,true
10910,true
10911,true
10915,true
10924,true
10931,true
10932,true
10934,true
10937,true
10947,true
10951,true
10955,true
10958,false
10962,false
10963,true
10964,true
10968,true
10975,true
10981,true
10984,true
10996,true
10998,true
11012,true
11016,true
11018,false
11022,true
11025,true
11047,true
11048,true
11050,true
11052,true
11056,false
11058,true
11062,true
11065,true
11067,true
11070,true
11077,true
11079,true
11084,true
11086,false
11099,true
11100,true
11102,true
11105,true
11112,true
11118,true
11126,true
11136,true
11138,true
11139,true
11148,true
11149,false
11151,true
11156,true
11159,true
11161,true
11169,true
11183,true
11186,true
11195,true
11196,true
11204,true
11206,true
11208,true
11210,true
11213,true
11218,true
11225,true
11233,true
11236,true
11242,true
11244,true
11246,true
11248,true
11255,true
11258,true
11261,true
11269,true
11270,true
11274,true
11280,true
11289,true
11290,true
11293,true
11323,true
11329,true
11341,true
11344,true
11351,true
11356,true
11366,true
11389,true
11394,false
11395,true
11397,true
11404,true
11406,true
11407,true
11413,true
11419,true
11429,true
11436,true
11444,true
11449,true
11452,true
11453,true
11461,true
11464,true
11472,true
11481,true
11484,false
11490,true
11497,true
11503,false
11504,true
11511,true
11512,true
11523,true
11532,true
11539,true
11540,true
11541,true
11546,true
11551,true
11553,true
11557,true
11563,true
11564,true
11565,true
11566,true
11570,false
11583,true
11586,true
11591,true
11596,true
11601,true
11616,true
11618,true
11620,true
11625,true
11628,true
11630,true
11631,false
11635,true
11637,true
11645,false
11646,true
11650,true
11651,true
11654,true
11660,true
11662,true
11664,true
11667,true
11668,true
11673,true
11679,true
11681,true
11684,true
11689,true
11691,true
11704,true
11706,true
11709,true
11710,true
11717,true
11720,true
11727,true
11730,true
11732,true
11733,true
11748,true
11750,true
11751,true
11753,true
11764,true
11765,true
11766,true
11782,true
11783,true
11787,true
11788,true
11789,true
11794,true
11798,true
11806,true
11809,true
11815,false
11821,true
11830,true
11842,true
11843,true
11845,true
11849,false
11852,true
11856,true
11865,true
11874,true
11875,true
11876,true
11878,true
11884,true
11886,true
11887,true
11892,true
11910,true
11918,true
11920,true
11931,true
11937,true
11942,true
11945,true
11955,true
11957,true
11960,true
11962,true
11966,true
11970,true
11971,true
11973,true
11978,true
11981,true
11990,true
11998,true
12005,true
12041,true
12051,true
12052,true
12056,true
12059,true
12064,true
12065,true
12066,true
12069,true
12075,true
12078,true
12083,true
12090,true
12092,true
12101,true
12102,true
12103,true
12104,true
12106,true
12108,true
12112,false
12114,true
12117,true
12121,true
12125,true
12132,true
12133,true
12141,true
12142,true
12146,true
12148,true
12152,true
12155,true
12157,true
12162,true
12168,true
12173,true
12180,true
12194,true
12195,true
12197,true
12200,true
12204,true
12205,true
12216,false
12219,true
12224,true
12231,true
12232,true
12240,true
12245,true
12246,true
12259,false
12262,true
12264,true
12265,true
12277,false
12283,true
12285,true
12288,true
12300,true
12303,true
12305,true
12307,true
12311,true
12312,true
12315,true
12322,true
12325,true
12328,true
12336,true
12340,true
12345,true
12354,true
12361,true
12363,true
12365,true
12372,true
12373,true
12375,true
12383,false
12384,true
12387,true
12388,true
12397,true
12399,true
12402,true
12418,true
12424,true
12425,true
12426,true
12429,true
12432,true
12437,true
12442,true
12451,true
12452,true
12457,true
12458,true
12460,true
12462,true
12464,true
12469,true
12471,false
12474,true
12476,true
12477,true
12478,true
12479,true
12482,true
12483,true
12487,false
12495,true
12499,true
12502,false
12507,true
12521,true
12527,true
12535,true
12538,true
12539,true
12542,true
12545,true
12547,true
12554,true
12558,true
12565,true
12568,true
12574,true
12581,true
12590,true
12591,true
12596,true
12600,true
12614,true
12631,true
12636,true
12647,true
12665,true
12669,true
12672,true
12682,false
12687,false
12696,true
12698,true
12703,true
12704,true
12706,true
12710,true
12713,false
12728,true
12736,true
12740,true
12744,true
12751,true
12752,true
12756,true
12765,true
12772,true
12776,true
12779,true
12806,true
12808,true
12820,true
12822,true
12823,true
12827,true
12835,true
12839,true
12845,true
12846,true
12855,true
12863,true
12866,true
12867,true
12888,true
12889,true
12904,true
12910,true
12912,true
12916,true
12917,true
12920,true
12935,false
12942,true
12959,true
12974,true
12977,true
12981,true
12982,true
12991,true
13002,true
13008,true
13012,true
13016,true
13028,true
13037,true
13051,true
13052,true
13060,true
13064,true
13069,true
13072,true
13077,false
13078,true
13084,true
13086,true
13090,true
13091,false
13092,true
13099,true
13111,true
13113,true
13114,true
13115,false
13129,true
13130,true
13135,true
13137,true
13138,true
13147,true
13157,true
13159,true
13160,true
13169,true
13171,true
13173,true
13174,true
13182,true
13184,true
13185,true
13198,true
13201,true
13209,true
13210,true
13214,true
13223,true
13226,true
13233,true
13247,true
13251,true
13258,true
13264,false
13274,true
13276,true
13280,true
13285,true
13286,true
13289,false
13293,true
13294,false
13297,true
13307,true
13311,true
13312,true
13314,true
13317,true
13319,true
13320,false
13322,true
13332,true
13334,true
13343,true
13345,true
13349,true
13354,true
13355,true
13357,true
13361,true
13369,true
13377,true
13382,true
13390,true
13396,true
13405,true
13411,true
13412,true
13417,false
13436,true
13441,true
13445,true
13446,true
13449,true
13464,true
13467,true
13491,true
13498,true
13499,true
13513,true
13519,true
13520,true
13537,true
13539,true
13541,true
13543,true
13549,true
13556,true
13562,true
13568,false
13569,false
13576,true
13577,true
13578,false
13592,true
13602,true
13607,true
13608,true
13612,true
13613,true
13619,true
13622,true
13626,false
13631,true
13641,true
13645,true
13646,true
13651,true
13653,true
13655,true
13667,true
13687,true
13695,true
13697,true
13699,true
13705,true
13708,true
13715,true
13718,true
13725,true
13727,true
13729,true
13730,true
13731,true
13739,true
13741,true
13746,true
13752,true
13755,true
13773,true
13774,true
13775,false
13776,true
13782,true
13787,true
13798,true
13799,true
13803,true
13817,true
13821,true
13839,true
13840,true
13854,true
13857,true
13866,true
13870,true
13873,true
13876,true
13877,true
13878,true
13899,true
13909,true
13910,false
13912,true
13916,true
13918,true
13925,true
13931,true
13944,true
13945,true
13948,false
13953,true
13954,true
13961,true
13971,true
13976,true
13978,false
13987,true
13988,true
13993,true
14010,true
14014,false
14031,true
14038,true
14043,true
14045,true
14052,true
14056,false
14060,false
14061,true
14064,true
14069,true
14073,true
14074,true
14086,true
14090,true
14093,true
14097,true
14102,true
14105,true
14117,true
14125,true
14128,true
14130,true
14133,true
14144,true
14150,true
14154,true
14157,true
14158,true
14161,false
14163,true
14166,true
14171,true
14172,true
14175,true
14176,true
14179,true
14180,true
14181,true
14191,true
14197,false
14201,true
14205,true
14206,true
14210,true
14217,true
14221,true
14226,false
14228,true
14233,true
14234,true
14238,true
14240,true
14251,true
14252,true
14259,true
14262,true
14263,true
14266,true
14272,true
14273,true
14277,true
14279,true
14280,true
14288,true
14296,true
14301,true
14307,true
14310,true
14320,true
14328,true
14329,true
14343,true
14345,true
14346,true
14347,true
14350,true
14356,true
14363,false
14367,true
14368,true
14375,true
14382,true
14383,true
14386,true
14388,true
14391,true
14393,true
14397,true
14408,true
14413,true
14417,true
14424,true
14431,true
14435,true
14442,true
14449,true
14450,true
14452,true
14453,false
14455,true
14459,false
14461,true
14471,true
14475,true
14481,true
14488,true
14502,true
14513,true
14519,true
14520,true
14523,true
14531,true
14541,true
14546,true
14558,true
14564,false
14567,true
14568,true
14571,true
14573,true
14575,true
14577,true
14590,true
14591,true
14592,true
14599,true
14606,true
14611,true
14612,true
14614,true
14615,true
14619,false
14620,true
14622,true
14626,true
14628,true
14630,true
14633,true
14645,true
14651,true
14653,true
14655,true
14668,true
14673,false
14685,true
14693,true
14707,true
14716,true
14719,true
14720,false
14725,true
14726,true
14737,true
14742,true
14747,true
14753,true
14755,true
14756,true
14758,true
14760,true
14762,true
14776,false
14777,true
14781,true
14788,true
14790,true
14791,true
14794,true
14797,true
14811,true
14817,true
14819,true
14823,true
14825,true
14827,true
14829,true
14832,true
14847,true
14848,true
14852,true
14859,true
14860,true
14868,true
14871,true
14876,true
14878,true
14879,true
14889,true
14890,true
14891,true
14896,true
14897,true
14900,true
14909,true
14915,true
14925,true
14932,true
14944,true
14945,true
14950,true
14954,true
14965,true
14975,true
14977,true
14986,true
14994,true
14997,true
15000,true
15002,true
15019,true
15025,true
15035,true
15038,true
15046,false
15050,true
15055,true
15066,true
15070,false
15071,true
15073,true
15092,true
15097,true
15100,true
15105,true
15109,true
15117,true
15128,true
15133,true
15134,true
15142,true
15146,true
15150,true
15153,false
15173,true
15178,true
15184,true
15196,true
15199,true
15204,true
15207,true
15209,true
15219,true
15221,true
15225,true
15232,true
15233,false
15234,false
15235,true
15240,true
15242,true
15258,true
15262,true
15267,true
15268,true
15272,true
15275,true
15283,true
15295,true
15297,true
15325,true
15329,true
15347,true
15349,true
15361,true
15363,true
15368,true
15373,true
15374,true
15377,true
15385,true
15386,true
15388,true
15395,true
15399,false
15407,true
15413,true
15418,true
15419,true
15422,true
15425,true
15426,true
15427,true
15429,true
15430,true
15432,true
15437,true
15441,true
15443,true
15450,true
15453,false
15455,true
15456,true
15457,true
15463,true
15466,true
15469,true
15472,true
15475,true
15484,true
15492,true
15493,true
15501,true
15508,true
15518,true
15521,true
15523,true
15537,true
15540,true
15545,true
15558,true
15563,true
15564,true
15565,true
15579,true
15581,true
15587,true
15600,true
15603,true
15615,true
15621,true
15631,true
15633,true
15640,true
15655,true
15656,true
15662,true
15683,true
15691,true
15693,true
15704,true
15712,true
15715,true
15719,true
15722,true
15728,true
15733,true
15734,false
15735,true
15737,true
15738,true
15739,false
15753,true
15757,true
15759,true
15760,false
15763,true
15765,true
15768,true
15769,true
15772,false
15776,true
15779,true
15785,true
15791,true
15793,true
15795,true
15799,true
15809,true
15837,true
15840,true
15843,true
15850,true
15857,true
15860,true
15862,true
15864,true
15874,true
15875,true
15880,true
15891,true
15893,true
15894,true
15896,true
15898,true
15901,true
15909,true
15918,true
15921,true
15934,true
15935,true
15939,true
15942,true
15947,true
15953,true
15971,true
15972,true
15973,true
15976,false
15977,true
15978,true
15982,true
15985,true
15989,true
15992,true
16012,true
16015,true
16019,true
16024,true
16037,true
16039,true
16041,false
16042,true
16057,true
16062,true
16064,true
16067,true
16080,true
16081,true
16086,true
16090,false
16092,true
16105,true
16108,true
16113,true
16119,true
16120,true
16125,false
16149,true
16162,true
16163,true
16164,true
16165,false
16166,true
16169,true
16173,true
16175,true
16182,true
16187,true
16190,false
16196,true
16198,true
16208,true
16210,false
16212,false
16213,true
16216,true
16222,true
16227,false
16232,false
16234,true
16237,true
16241,true
16252,true
16253,true
16260,true
16261,true
16264,true
16268,true
16270,true
16271,true
16278,true
16279,true
16295,true
16315,true
16319,true
16320,false
16322,false
16323,true
16325,true
16328,true
16329,false
16333,true
16336,true
16352,true
16354,true
16357,true
16358,true
16364,true
16370,true
16377,true
16378,true
16382,true
16384,true
16389,true
16393,true
16406,true
16408,true
16409,true
16413,true
16414,true
16415,true
16420,true
16426,true
16436,true
16437,true
16462,true
16465,true
16470,true
16482,true
16485,true
16487,true
16489,true
16490,true
16493,true
16495,true
16497,true
16499,true
16504,false
16508,true
16510,true
16511,true
16520,true
16524,true
16529,true
16531,true
16534,true
16540,true
16551,true
16559,true
16562,true
16564,true
16567,true
16571,true
16573,true
16574,true
16579,true
16581,true
16586,true
16588,true
16594,true
16598,true
16626,true
16628,true
16629,true
16631,true
16632,true
16635,true
16644,true
16648,true
16655,true
16657,true
16662,true
16663,true
16673,true
16679,true
16683,true
16687,true
16688,true
16690,true
16695,true
16719,true
16722,true
16723,true
16730,true
16740,true
16745,false
16760,true
16766,true
16772,false
16781,true
16789,true
16795,true
16798,true
16806,false
16809,true
16810,true
16813,true
16818,true
16824,true
16829,true
16830,true
16831,true
16838,true
16842,true
16853,true
16854,true
16864,true
16866,true
16869,true
16878,true
16880,false
16882,true
16884,true
16888,true
16892,true
16895,false
16896,true
16907,true
16914,true
16920,true
16922,true
16923,true
16924,true
16940,true
16943,true
16954,true
16960,true
16961,true
16964,true
16967,true
16968,true
16969,true
16973,true
16976,false
16983,true
16988,true
16991,true
16995,true
16996,true
16997,true
16999,true
17004,true
17012,true
17014,true
17021,true
17022,true
17025,true
17029,true
17030,true
17032,true
17036,true
17044,true
17047,true
17070,true
17071,true
17085,true
17087,true
17090,true
17096,true
17104,true
17105,true
17115,true
17120,true
17125,true
17126,true
17127,false
17128,true
17129,true
17142,true
17148,true
17167,true
17168,true
17175,false
17182,true
17183,true
17195,true
17197,true
17207,true
17210,true
17221,true
17222,true
17223,true
17227,true
17229,true
17231,true
17240,true
17245,true
17254,true
17257,true
17259,true
17262,true
17267,true
17285,true
17297,true
17305,true
17308,true
17310,true
17315,true
17317,true
17320,true
17321,true
17324,true
17328,true
17334,true
17345,true
17356,true
17357,true
17358,true
17363,true
17364,true
17377,true
17379,true
17382,true
17385,true
17386,false
17396,true
17404,true
17407,true
17410,true
17418,true
17424,true
17431,false
17434,true
17440,true
17443,true
17450,true
17451,true
17455,true
17458,true
17459,true
17464,true
17469,true
17472,true
17473,true
17477,true
17479,true
17482,true
17483,true
17498,true
17502,true
17507,true
17515,true
17522,true
17528,true
17534,true
17536,true
17539,true
17553,true
17558,true
17559,true
17564,true
17567,true
17576,true
17580,true
17582,true
17584,true
17586,true
17590,true
17595,true
17596,true
17597,true
17599,true
17601,true
17603,true
17604,true
17609,true
17613,true
17615,true
17618,true
17622,true
17623,true
17630,true
17639,true
17645,false
17650,true
17651,true
17655,true
17657,false
17660,true
17680,true
17682,true
17684,true
17686,true
17696,true
17699,true
17707,true
17713,true
17718,true
17722,true
17724,true
17728,true
17731,true
17746,true
17747,true
17755,true
17765,true
17776,true
17786,true
17792,true
17797,true
17801,true
17802,true
17809,true
17818,true
17819,true
17834,true
17838,true
17839,true
17841,true
17844,true
17845,true
17848,true
17850,true
17851,true
17854,true
17857,true
17861,true
17873,true
17876,true
17880,true
17881,true
17882,true
17894,true
17901,true
17903,true
17904,true
17907,true
17916,true
17924,true
17928,true
17929,true
17936,true
17938,true
17939,true
17948,true
17949,true
17954,true
17956,true
17959,true
17972,true
17975,true
17987,true
17989,true
17994,true
17995,true
17999,true
18006,true
18007,true
18008,true
18020,true
18036,true
18037,true
18042,true
18043,true
18051,true
18058,true
18063,true
18071,true
18075,true
18079,true
18081,true
18091,true
18099,true
18102,true
18103,false
18125,true
18126,false
18143,true
18155,true
18158,true
18163,true
18166,true
18168,true
18169,true
18174,true
18178,true
18181,true
18182,true
18184,true
18192,true
18200,true
18204,true
18205,true
18211,true
18213,true
18227,false
18235,true
18251,true
18257,true
18260,true
18262,true
18268,true
18279,true
18280,true
18286,true
18290,true
18294,true
18303,true
18304,true
18313,true
18319,true
18321,true
18323,true
18331,true
18346,false
18348,true
18356,false
18357,true
18359,true
18365,true
18374,true
18387,true
18400,true
18418,true
18425,true
18432,true
18438,true
18446,true
18459,true
18465,true
18469,true
18473,true
18485,true
18489,true
18503,true
18504,true
18506,true
18510,true
18521,true
18528,true
18533,true
18534,false
18540,true
18541,true
18543,true
18548,true
18549,true
18551,true
18568,true
18572,true
18576,false
18580,true
18583,false
18587,true
18589,true
18590,false
18592,true
18596,true
18602,true
18603,true
18604,true
18607,true
18612,true
18613,true
18615,true
18627,true
18628,true
18630,true
18645,true
18646,true
18652,true
18654,true
18657,true
18658,true
18669,true
18671,true
18676,true
18677,true
18679,true
18680,true
18682,true
18689,true
18690,true
18691,true
18695,true
18696,true
18704,true
18705,true
18716,true
18721,true
18729,true
18734,true
18741,true
18749,true
18753,true
18759,true
18762,true
18770,true
18775,true
18777,true
18778,true
18788,true
18793,true
18797,true
18799,true
18803,true
18807,true
18817,true
18842,true
18846,true
18849,true
18855,true
18861,true
18862,true
18867,true
18871,true
18872,false
18880,true
18881,true
18885,true
18886,true
18891,true
18897,true
18898,true
18899,true
18900,true
18901,true
18908,true
18912,true
18914,true
18921,true
18922,true
18938,true
18940,true
18942,true
18951,true
18960,true
18961,true
18967,false
18983,true
18989,true
18994,true
18997,true
18999,true
19004,true
19008,true
19012,true
19016,true
19021,true
19024,true
19027,true
19042,true
19045,true
19050,true
19065,true
19073,true
19075,true
19079,true
19082,true
19088,true
19095,true
19098,true
19105,false
19111,true
19116,true
19117,true
19118,true
19121,true
19128,true
19130,true
19140,true
19145,true
19147,true
19166,true
19170,true
19172,true
19175,true
19187,true
19196,true
19198,false
19200,true
19203,true
19213,true
19219,true
19225,true
19232,true
19239,false
19243,true
19247,true
19248,true
19249,true
19252,true
19254,true
19257,true
19264,true
19270,true
19277,true
19279,false
19280,true
19281,false
19285,true
19286,true
19300,true
19309,true
19319,true
19320,true
19322,false
19325,true
19328,true
19334,true
19335,true
19339,true
19343,true
19347,true
19353,false
19354,true
19358,true
19360,false
19365,true
19366,true
19367,true
19375,true
19381,true
19399,true
19401,true
19412,true
19414,true
19417,true
19430,true
19435,true
19440,true
19441,true
19444,true
19446,true
19463,true
19464,true
19465,true
19469,true
19479,true
19482,true
19483,true
19486,true
19493,true
19494,true
19496,true
19500,true
19507,true
19510,true
19518,false
19521,true
19523,true
19525,true
19527,true
19538,true
19541,true
19544,true
19550,true
19556,true
19559,true
19561,true
19573,true
19592,true
19593,true
19594,true
19598,true
19602,true
19625,true
19627,true
19631,true
19638,true
19639,true
19645,true
19653,true
19657,true
19659,true
19672,true
19673,true
19676,true
19678,true
19679,true
19680,false
19684,true
19689,true
19691,true
19692,true
19695,true
19698,true
19702,true
19704,false
19714,true
19722,true
19723,true
19725,true
19734,true
19738,false
19739,true
19740,false
19742,true
19750,true
19754,true
19762,true
19768,true
19769,true
19774,true
19783,true
19788,true
19793,true
19801,true
19818,true
19828,true
19834,true
19836,true
19837,true
19841,true
19842,true
19844,true
19855,true
19857,true
19872,true
19873,true
19875,true
19882,true
19893,true
19903,true
19904,true
19913,true
19934,true
19936,true
19938,true
19942,false
19943,true
19954,true
19957,true
19965,true
19972,true
19982,true
19988,true
19993,true
19998,true
20000,true
20001,true
20006,true
20007,true
20010,true
20028,true
20029,true
20030,true
20031,true
20033,true
20035,true
20037,true
20040,true
20043,true
20047,true
20052,true
20053,true
20056,true
20063,true
20077,true
20098,true
20105,true
20109,true
20111,true
20117,true
20123,true
20125,true
20126,true
20127,true
20128,true
20149,true
20154,true
20158,true
20159,true
20160,true
20165,true
20174,true
20177,true
20178,true
20183,true
20187,true
20189,true
20190,true
20192,true
20201,true
20211,true
20214,false
20218,true
20221,true
20225,true
20228,true
20237,true
20244,true
20255,true
20256,false
20260,true
20261,true
20262,true
20266,true
20280,true
20288,true
20289,true
20297,true
20299,true
20300,true
20301,true
20304,true
20306,false
20309,true
20315,true
20318,true
20319,true
20327,true
20337,true
20338,true
20339,true
20348,true
20351,true
20361,true
20369,true
20374,true
20380,true
20382,true
20383,true
20386,true
20389,true
20395,true
20408,true
20413,true
20419,true
20420,true
20423,true
20425,true
20434,true
20453,true
20460,true
20464,true
20468,true
20471,true
20479,true
20485,true
20486,true
20495,false
20497,true
20499,false
20501,true
20503,true
20506,false
20509,true
20513,false
20517,true
20519,true
20520,true
20522,true
20528,true
20531,true
20539,true
20543,true
20547,true
20549,true
20550,true
20551,true
20558,true
20559,true
20570,true
20575,true
20577,true
20578,true
20582,true
20589,true
20596,true
20606,true
20612,true
20616,true
20625,true
20630,true
20633,true
20640,true
20642,true
20643,true
20648,true
20651,true
20654,true
20659,true
20663,true
20664,true
20666,true
20669,true
20673,true
20676,true
20679,true
20684,true
20687,true
20690,true
20695,true
20708,true
20709,true
20710,true
20712,true
20714,true
20722,true
20731,true
20748,false
20754,true
20772,true
20773,true
20779,true
20788,true
20792,true
20794,true
20797,true
20798,true
20801,true
20805,true
20807,true
20814,true
20815,true
20821,true
20822,true
20826,true
20834,true
20836,true
20837,false
20840,true
20843,true
20848,true
20852,true
20854,true
20859,true
20860,true
20865,true
20869,true
20871,true
20879,true
20885,true
20888,true
20889,true
20890,true
20892,true
20901,true
20904,true
20908,true
20912,true
20922,false
20931,true
20938,true
20939,true
20942,true
20945,true
20948,true
20954,true
20956,true
20961,true
20963,true
20967,true
20972,true
20977,true
20981,true
20987,false
20988,false
20994,true
20998,true
21000,true
21006,true
21007,true
21012,true
21019,true
21020,true
21025,true
21038,true
21044,true
21049,true
21050,true
21060,true
21061,true
21062,true
21069,true
21070,true
21071,true
21072,true
21078,true
21091,true
21095,true
21103,true
21108,true
21109,true
21111,true
21112,true
21118,true
21119,true
21120,true
21127,true
21129,true
21135,true
21143,true
21144,true
21146,true
21156,true
21158,true
21160,true
21163,true
21165,true
21175,true
21185,true
21188,true
21191,true
21192,true
21199,true
21203,true
21210,true
21211,true
21225,true
21226,true
21229,true
21241,true
21244,true
21249,true
21251,true
21254,true
21255,true
21258,true
21262,true
21265,true
21277,true
21285,true
21293,true
21299,true
21303,true
21304,true
21305,true
21311,false
21316,true
21321,true
21322,true
21336,false
21344,true
21366,true
21371,true
21386,true
21399,true
21400,true
21406,true
21409,true
21415,true
21416,true
21421,true
21426,true
21434,true
21437,true
21446,true
21447,true
21451,true
21452,true
21455,true
21461,true
21464,true
21477,true
21480,true
21485,false
21488,true
21491,true
21496,true
21499,true
21501,true
21502,true
21509,true
21515,true
21522,true
21528,true
21529,true
21540,true
21541,true
21545,true
21548,true
21559,true
21571,true
21574,true
21583,true
21590,true
21596,true
21602,true
21604,true
21606,true
21608,true
21609,true
21618,true
21626,true
21627,true
21631,true
21632,true
21636,true
21637,true
21641,true
21646,true
21650,true
21656,true
21657,true
21658,true
21662,true
21667,true
21670,true
21676,true
21681,true
21682,true
21685,true
21687,true
21692,true
21693,true
21696,true
21697,true
21705,true
21721,true
21723,true
21725,true
21735,true
21736,true
21741,true
21742,true
21743,true
21750,true
21752,true
21753,true
21754,false
21758,true
21766,true
21774,true
21783,true
21786,true
21793,true
21794,true
21799,true
21802,true
21807,true
21812,true
21823,true
21826,true
21834,true
21836,true
21839,true
21842,true
21845,true
21846,true
21851,true
21854,true
21864,true
21867,true
21874,false
21877,true
21879,true
21894,true
21897,true
21900,true
21906,false
21913,true
21919,true
21920,true
21923,true
21928,true
21936,true
21940,true
21945,true
21947,true
21952,true
21976,true
21979,true
21982,true
21985,true
21994,true
22023,true
22029,true
22034,false
22044,true
22047,true
22051,true
22053,true
22054,true
22057,true
22063,true
22069,true
22076,true
22083,true
22087,true
22088,true
22089,true
22093,true
22097,true
22111,true
22112,true
22113,true
22119,true
22145,true
22149,true
22150,true
22158,false
22162,true
22166,true
22172,true
22174,true
22179,true
22190,true
22193,true
22195,true
22197,true
22200,false
22206,false
22212,true
22213,true
22225,true
22230,true
22235,false
22239,true
22247,true
22254,true
22266,true
22271,true
22273,false
22274,true
22277,true
22279,true
22280,true
22283,true
22284,true
22288,true
22290,true
22300,true
22311,true
22312,true
22313,true
22322,true
22327,true
22330,true
22331,true
22350,true
22355,true
22357,true
22361,true
22363,true
22364,true
22366,true
22368,true
22369,true
22370,true
22372,true
22376,true
22382,true
22387,true
22396,true
22402,true
22410,true
22412,true
22415,true
22425,true
22426,true
22429,true
22435,true
22441,true
22442,true
22455,true
22457,true
22468,true
22477,true
22484,true
22491,true
22498,false
22502,true
22504,true
22509,true
22510,true
22512,true
22518,true
22524,true
22527,true
22528,true
22535,true
22538,true
22542,true
22544,true
22545,true
22555,true
22561,true
22562,true
22565,true
22570,true
22575,true
22576,true
22578,true
22579,true
22589,true
22593,true
22595,true
22597,true
22601,true
22611,true
22614,true
22615,true
22617,true
22620,true
22625,true
22626,true
22637,true
22644,false
22646,true
22648,true
22657,true
22660,true
22665,false
22673,true
22675,true
22676,true
22687,true
22696,true
22700,true
22704,true
22709,true
22716,true
22717,true
22718,true
22723,true
22728,true
22733,true
22735,true
22743,true
22752,true
22757,false
22768,true
22771,true
22772,true
22774,true
22776,true
22777,true
22778,true
22785,true
22786,true
22787,true
22793,true
22798,true
22803,true
22813,true
22817,true
22818,true
22819,true
22820,true
22825,true
22827,true
22829,true
22831,true
22838,true
22844,true
22848,true
22853,true
22858,false
22864,true
22868,false
22885,true
22888,true
22901,true
22907,true
22913,true
22918,true
22923,true
22929,true
22935,true
22936,true
22941,true
22942,true
22943,true
22952,true
22956,true
22964,true
22968,true
22974,true
22978,true
22981,true
22985,true
22987,true
22988,true
22993,true
22994,true
22997,true
22999,true
23000,true
23003,true
23010,true
23015,false
23026,true
23029,true
23047,true
23048,true
23049,true
23055,true
23056,true
23060,true
23064,true
23066,true
23071,true
23072,true
23074,true
23079,true
23082,true
23094,true
23095,true
23097,true
23101,true
23102,true
23104,true
23110,true
23113,true
23115,true
23118,true
23129,true
23130,true
23135,true
23136,false
23139,true
23153,true
23158,true
23163,true
23186,true
23187,true
23189,true
23192,true
23193,true
23194,true
23197,true
23200,true
23223,true
23224,true
23228,true
23250,true
23251,true
23252,true
23257,true
23259,true
23262,true
23267,true
23272,true
23274,true
23288,true
23291,true
23293,true
23294,true
23302,true
23313,true
23325,true
23326,true
23337,true
23342,true
23345,true
23347,true
23350,true
23353,true
23360,true
23388,false
23393,true
23399,true
23402,true
23412,true
23416,true
23417,true
23418,true
23426,true
23429,true
23430,true
23432,true
23446,true
23450,true
23452,true
23455,true
23457,true
23459,true
23461,true
23462,true
23467,false
23468,true
23473,true
23476,true
23477,true
23489,true
23498,true
23508,true
23515,true
23522,true
23530,true
23531,true
23537,true
23538,true
23544,true
23553,true
23556,true
23564,true
23566,true
23569,true
23571,true
23574,false
23583,true
23584,true
23585,true
23586,true
23591,true
23597,true
23598,false
23604,true
23605,true
23608,true
23613,true
23616,true
23619,true
23625,true
23631,true
23641,true
23650,true
23651,true
23656,true
23663,true
23667,true
23671,true
23672,true
23690,true
23694,true
23696,true
23700,true
23701,true
23702,true
23704,true
23705,true
23717,true
23718,false
23721,true
23727,true
23730,true
23734,true
23735,false
23738,true
23745,true
23748,true
23757,true
23783,true
23789,true
23791,true
23793,true
23804,true
23808,true
23818,false
23827,false
23831,true
23837,true
23841,true
23847,true
23848,true
23853,true
23854,true
23874,true
23876,true
23878,false
23887,true
23891,true
23894,true
23901,true
23903,true
23910,true
23912,true
23913,true
23917,true
23921,true
23922,true
23929,true
23934,true
23936,true
23939,true
23947,true
23954,true
23964,true
23987,true
23993,true
23999,true
24002,true
24006,true
24007,true
24023,true
24030,true
24033,true
24038,true
24040,true
24042,true
24049,false
24057,true
24066,false
24067,true
24070,true
24075,true
24076,true
24105,true
24110,true
24112,true
24117,true
24128,true
24129,true
24133,true
24136,true
24138,true
24142,true
24160,true
24171,true
24180,true
24189,true
24190,true
24191,true
24211,false
24214,true
24216,true
24220,true
24222,true
24223,true
24226,true
24229,true
24234,true
24243,true
24248,true
24252,true
24258,true
24261,true
24264,true
24266,true
24274,true
24275,true
24281,true
24282,true
24284,true
24285,true
24286,false
24297,true
24298,true
24300,true
24304,true
24308,true
24314,true
24326,true
24331,true
24334,true
24336,true
24338,true
24349,true
24352,true
24355,true
24358,true
24364,true
24365,true
24372,true
24374,true
24378,true
24383,true
24394,true
24400,true
24402,true
24405,true
24406,true
24414,true
24416,true
24421,true
24436,true
24437,true
24440,true
24443,true
24444,true
24449,true
24454,true
24470,true
24474,true
24478,true
24480,true
24494,true
24495,true
24497,true
24498,true
24499,false
24501,true
24502,false
24512,true
24517,true
24518,true
24519,true
24521,true
24523,true
24526,true
24528,true
24532,true
24535,true
24541,true
24548,true
24551,true
24564,false
24567,true
24568,true
24572,true
24576,true
24584,true
24589,true
24593,true
24597,true
24598,true
24603,true
24607,true
24608,true
24610,true
24613,true
24616,true
24617,false
24622,true
24632,true
24637,true
24639,true
24640,true
24646,true
24652,true
24657,true
24663,true
24673,true
24680,true
24687,true
24692,true
24699,true
24700,true
24703,true
24706,true
24711,true
24717,true
24723,true
24724,true
24732,true
24736,true
24738,true
24739,true
24741,true
24750,true
24751,true
24759,true
24760,true
24762,true
24764,true
24768,true
24769,true
24772,true
24777,true
24779,true
24780,true
24782,true
24787,true
24802,true
24808,true
24809,true
24824,true
24826,true
24838,true
24841,true
24844,true
24846,true
24854,true
24857,true
24859,true
24863,true
24866,true
24869,true
24874,true
24882,true
24890,true
24891,true
24896,true
24897,true
24901,true
24903,true
24904,true
24907,true
24913,true
24917,true
24920,true
24924,true
24936,false
24951,true
24954,true
24961,true
24965,true
24967,true
24968,true
24969,true
24977,true
24981,true
24984,true
24989,true
24992,true
25004,true
25008,true
25009,false
25010,true
25013,true
25015,true
25032,true
25036,true
25038,true
25044,true
25055,true
25059,true
25060,true
25063,true
25064,true
25065,true
25067,true
25069,true
25070,true
25071,true
25075,true
25083,true
25085,true
25087,false
25088,false
25093,true
25102,true
25103,true
25107,true
25113,true
25114,true
25117,true
25121,true
25129,true
25131,true
25137,true
25140,true
25144,true
25148,true
25152,true
25160,true
25177,true
25178,true
25192,true
25198,true
25199,true
25200,true
25207,true
25211,true
25213,true
25215,false
25220,true
25222,true
25226,true
25227,true
25228,true
25236,true
25239,true
25240,true
25244,true
25245,true
25251,true
25260,true
25261,true
25265,true
25269,true
25277,true
25283,true
25287,true
25291,true
25295,true
25296,true
25298,false
25302,true
25307,true
25312,true
25313,true
25318,true
25319,true
25320,true
25322,true
25325,true
25326,true
25329,true
25330,true
25333,true
25334,true
25336,true
25347,true
25351,true
25367,true
25369,true
25375,true
25377,true
25381,true
25384,true
25388,true
25389,true
25391,true
25393,true
25396,true
25418,true
25421,true
25424,true
25425,true
25426,true
25429,true
25440,true
25448,true
25464,true
25465,true
25467,true
25489,true
25490,true
25492,true
25493,true
25497,true
25503,true
25504,true
25506,true
25511,true
25516,false
25526,true
25535,true
25539,true
25543,true
25545,true
25552,true
25555,true
25559,true
25567,true
25591,true
25596,true
25597,true
25599,true
25615,true
25617,true
25626,true
25635,true
25645,true
25650,true
25651,true
25658,true
25665,true
25669,true
25670,true
25671,true
25672,true
25681,true
25688,true
25693,true
25705,true
25708,true
25709,false
25717,true
25726,true
25731,true
25736,true
25752,true
25767,true
25777,true
25779,true
25786,true
25788,true
25789,true
25793,true
25794,true
25801,true
25802,false
25806,true
25807,true
25809,true
25810,true
25818,true
25826,true
25829,true
25830,true
25831,true
25832,true
25838,true
25843,true
25849,true
25853,true
25857,true
25875,true
25881,true
25889,true
25891,true
25897,true
25901,true
25904,true
25912,true
25916,true
25919,true
25923,true
25925,true
25941,false
25949,true
25956,true
25957,true
25962,true
25963,true
25970,true
25971,true
25975,true
25978,false
25980,true
25987,true
25989,true
25996,true
26003,true
26007,true
26017,true
26018,true
26025,true
26029,true
26051,true
26052,true
26055,true
26068,true
26074,true
26076,true
26078,true
26081,true
26089,true
26090,true
26096,true
26106,true
26114,true
26127,true
26131,true
26137,true
26140,true
26145,true
26146,true
26156,true
26159,true
26160,true
26165,true
26167,true
26171,true
26176,true
26180,true
26187,true
26189,true
26190,true
26194,true
26201,true
26202,true
26207,true
26211,true
26213,true
26216,true
26219,true
26229,true
26234,true
26235,true
26236,true
26243,true
26251,false
26254,true
26266,true
26273,true
26274,true
26277,true
26278,true
26284,true
26288,true
26290,true
26294,true
26296,true
26297,true
26299,true
26302,true
26305,true
26306,true
26308,true
26314,true
26316,true
26324,true
26329,true
26334,true
26336,true
26339,true
26340,true
26349,true
26353,true
26363,true
26365,true
26369,true
26370,true
26372,true
26375,true
26376,true
26380,true
26385,true
26387,true
26388,false
26390,true
26391,true
26396,true
26402,true
26411,false
26412,false
26413,true
26419,true
26420,true
26426,true
26431,false
26438,true
26442,true
26444,true
26448,true
26458,true
26461,true
26462,true
26465,true
26479,true
26482,true
26486,true
26495,true
26497,true
26501,true
26513,true
26515,true
26524,true
26526,false
26541,false
26543,true
26544,true
26549,true
26558,true
26565,true
26566,true
26570,true
26597,true
26609,true
26613,true
26615,true
26621,true
26629,true
26634,true
26636,true
26638,true
26658,true
26659,true
26669,true
26670,true
26672,true
26678,false
26684,true
26687,true
26696,true
26701,true
26706,true
26707,true
26708,false
26722,true
26735,true
26738,true
26743,true
26747,true
26750,true
26760,true
26765,true
26769,true
26770,true
26771,true
26779,true
26782,true
26784,true
26788,true
26789,true
26795,true
26800,true
26805,true
26811,true
26814,true
26832,true
26834,true
26835,true
26839,true
26847,true
26850,true
26851,true
26853,true
26862,true
26868,true
26900,true
26901,true
26904,true
26907,false
26911,true
26915,true
26916,true
26917,false
26919,true
26928,true
26939,true
26941,true
26949,true
26952,true
26953,true
26957,true
26961,true
26971,true
26973,true
26978,true
26981,true
26982,true
26985,true
26988,true
26993,true
26999,false
27002,true
27005,true
27013,true
27016,true
27020,true
27024,true
27029,true
27030,true
27036,true
27040,true
27041,true
27044,true
27046,true
27048,false
27054,true
27056,true
27059,true
27062,true
27065,true
27066,true
27069,true
27071,true
27073,true
27078,true
27081,true
27083,true
27091,true
27105,false
27112,true
27114,true
27115,true
27127,true
27128,true
27135,false
27142,true
27148,true
27151,true
27155,true
27156,true
27165,true
27167,true
27168,false
27174,true
27175,true
27179,true
27180,true
27190,true
27191,true
27193,true
27205,true
27207,true
27209,true
27213,true
27216,true
27224,true
27227,true
27240,true
27241,true
27247,true
27249,true
27250,true
27252,true
27256,true
27258,true
27261,true
27268,true
27269,true
27283,true
27288,true
27297,true
27313,true
27314,true
27322,true
27329,true
27334,true
27335,true
27344,true
27347,true
27354,true
27358,true
27359,true
27360,false
27361,true
27364,true
27371,true
27373,true
27374,true
27378,true
27379,true
27383,true
27387,true
27400,false
27406,true
27407,true
27411,true
27433,true
27438,true
27446,true
27450,true
27451,true
27467,true
27471,true
27474,true
27478,true
27479,true
27481,true
27482,true
27484,true
27492,true
27493,true
27505,false
27510,true
27511,true
27512,true
27516,true
27518,true
27525,false
27529,true
27532,true
27533,true
27534,true
27540,true
27542,true
27544,true
27546,true
27550,true
27552,true
27558,true
27561,false
27569,true
27573,true
27574,true
27575,true
27582,true
27585,true
27590,true
27591,true
27593,true
27597,true
27605,true
27612,true
27615,true
27622,true
27629,true
27633,true
27637,true
27639,true
27642,true
27661,true
27667,true
27673,true
27679,true
27681,true
27683,true
27684,true
27688,true
27699,true
27700,true
27702,true
27705,false
27706,true
27718,true
27724,true
27726,true
27736,true
27737,true
27741,false
27742,true
27748,true
27749,true
27756,true
27769,true
27771,true
27775,false
27784,true
27787,true
27788,true
27789,false
27798,true
27800,true
27814,true
27825,true
27827,true
27828,true
27829,true
27836,true
27838,true
27840,true
27843,true
27844,true
27846,true
27859,true
27860,true
27861,false
27864,true
27868,true
27876,true
27886,true
27887,true
27899,true
27907,true
27909,true
27911,true
27919,false
27930,true
27932,true
27940,true
27941,true
27952,true
27958,true
27959,true
27960,true
27963,true
27964,true
27970,true
27973,true
27975,true
27977,true
27979,true
27987,true
27989,true
27994,true
27999,true
28008,true
28017,true
28021,true
28023,true
28031,true
28036,true
28038,true
28045,false
28047,true
28054,true
28061,true
28065,true
28072,true
28073,false
28083,true
28086,true
28090,true
28102,true
28116,true
28118,true
28135,true
28136,true
28146,true
28148,true
28156,true
28157,true
28160,true
28165,true
28166,true
28177,true
28181,true
28183,true
28185,true
28194,true
28196,true
28211,true
28213,true
28218,true
28219,true
28226,true
28242,true
28251,false
28259,true
28264,true
28269,true
28270,true
28271,true
28282,true
28291,true
28292,true
28294,true
28295,true
28302,true
28312,true
28317,true
28318,true
28328,true
28329,true
28334,true
28335,false
28350,true
28353,true
28371,true
28376,true
28384,true
28385,true
28387,true
28388,true
28400,true
28406,true
28413,true
28414,true
28415,true
28416,true
28417,true
28421,true
28426,true
28429,true
28449,true
28450,true
28463,true
28467,true
28474,true
28478,true
28483,true
28488,true
28489,true
28492,true
28493,true
28494,true
28501,true
28502,true
28503,true
28504,true
28505,false
28521,true
28525,true
28531,true
28534,true
28538,true
28541,true
28545,true
28547,true
28550,true
28562,true
28564,true
28566,true
28588,true
28597,true
28601,true
28604,true
28606,true
28614,true
28621,true
28643,true
28645,true
28650,false
28657,true
28658,true
28659,true
28661,true
28662,true
28667,true
28669,true
28681,true
28685,true
28688,true
28705,true
28709,true
28723,true
28725,false
28726,true
28735,true
28737,true
28738,true
28740,true
28743,true
28748,true
28749,true
28755,false
28756,true
28758,true
28762,true
28767,true
28776,true
28785,true
28787,true
28790,true
28795,true
28798,true
28799,true
28802,true
28812,true
28814,true
28816,true
28818,true
28822,true
28827,true
28835,true
28837,true
28838,true
28840,true
28847,true
28850,true
28852,true
28854,false
28856,true
28861,true
28875,true
28879,true
28897,true
28899,true
28907,true
28912,true
28913,true
28914,true
28928,true
28945,true
28947,true
28948,true
28949,true
28956,true
28961,true
28975,true
28976,true
28979,true
29006,true
29010,true
29012,true
29014,true
29018,true
29022,true
29027,true
29029,true
29031,true
29033,true
29045,true
29049,true
29062,true
29068,true
29071,true
29076,true
29078,true
29082,true
29084,false
29094,true
29100,true
29102,true
29108,true
29111,true
29114,true
29117,true
29118,true
29120,true
29126,true
29134,true
29147,true
29150,true
29155,true
29156,true
29159,true
29166,true
29168,false
29173,true
29174,true
29189,true
29200,true
29202,true
29203,true
29209,true
29220,true
29226,true
29230,true
29239,true
29246,true
29250,true
29252,true
29272,true
29279,true
29281,true
29283,true
29284,true
29291,true
29293,true
29304,true
29307,true
29317,true
29318,true
29327,true
29333,true
29336,true
29338,true
29343,true
29344,true
29362,true
29363,true
29369,true
29384,true
29391,true
29393,true
29397,true
29400,true
29402,true
29409,true
29412,true
29414,true
29432,true
29438,true
29443,true
29445,true
29446,true
29458,true
29459,true
29467,true
29468,true
29472,false
29473,true
29484,true
29490,true
29494,true
29502,true
29513,true
29515,true
29516,true
29521,true
29524,true
29526,true
29527,true
29534,true
29548,true
29553,true
29556,true
29558,true
29560,true
29561,true
29564,true
29573,true
29580,true
29581,true
29586,true
29591,true
29601,true
29606,true
29608,true
29620,true
29626,true
29631,true
29632,true
29637,true
29647,true
29652,true
29657,true
29660,true
29662,true
29670,true
29671,true
29673,true
29675,true
29678,true
29680,true
29682,true
29690,true
29696,true
29702,true
29715,true
29717,true
29719,true
29722,true
29723,true
29727,true
29742,true
29764,true
29773,true
29779,true
29790,true
29802,true
29803,true
29805,true
29810,true
29813,true
29822,true
29831,true
29835,true
29838,true
29853,true
29857,true
29863,true
29880,true
29883,true
29887,true
29892,true
29900,false
29901,true
29913,true
29919,true
29922,true
29941,true
29943,true
29947,true
29956,true
29960,true
29961,true
29964,true
29969,true
29976,true
29978,true
29980,true
29981,true
29982,true
29984,true
29985,true
29998,true
29999,true
30001,true
30002,true
30006,true
30012,true
30018,true
30023,false
30026,true
30027,true
30028,true
30029,true
30035,true
30046,true
30047,true
30048,true
30054,true
30060,true
30067,true
30074,true
30080,true
30082,true
30084,true
30092,true
30100,true
30101,true
30114,true
30119,true
30130,true
30133,true
30150,true
30156,true
30166,true
30172,true
30173,true
30186,true
30189,true
30209,true
30222,true
30232,true
30234,true
30237,true
30244,true
30248,true
30254,true
30260,true
30263,true
30267,true
30279,true
30293,true
30303,true
30309,true
30313,true
30315,true
30318,true
30319,true
30326,true
30327,true
30343,true
30347,false
30357,true
30359,false
30380,true
30383,true
30387,true
30393,true
30394,true
30395,true
30397,true
30400,true
30405,true
30417,true
30420,true
30424,true
30430,false
30437,true
30442,true
30447,false
30451,true
30455,true
30456,true
30463,true
30474,true
30476,true
30480,true
30496,true
30502,false
30511,true
30512,true
30517,true
30519,true
30524,true
30534,true
30537,true
30543,true
30550,true
30556,true
30560,false
30569,true
30574,true
30584,true
30594,true
30597,true
30601,true
30611,true
30612,true
30618,true
30620,true
30621,true
30622,true
30624,true
30630,true
30638,true
30639,false
30642,true
30643,false
30661,true
30667,true
30671,true
30672,true
30674,true
30680,true
30687,true
30691,true
30692,true
30694,true
30697,true
30706,true
30707,true
30709,true
30721,true
30723,true
30738,true
30739,true
30753,true
30761,true
30763,true
30767,true
30785,true
30790,false
30794,true
30799,true
30810,true
30814,true
30820,true
30822,true
30826,true
30834,true
30840,true
30841,false
30843,true
30851,true
30856,true
30859,true
30865,true
30872,true
30873,true
30878,true
30888,false
30893,false
30901,true
30902,true
30922,true
30931,true
30936,true
30941,true
30943,false
30949,true
30952,true
30954,true
30955,true
30957,true
30958,true
30963,true
30965,true
30968,true
30969,true
30976,true
30995,true
31002,true
31004,true
31006,true
31017,true
31025,true
31028,false
31030,true
31032,true
31035,false
31036,false
31042,true
31044,true
31046,true
31060,true
31070,true
31072,true
31079,true
31081,true
31087,true
31090,true
31092,true
31104,true
31112,true
31121,true
31133,true
31136,true
31140,true
31143,true
31152,true
31156,true
31157,true
31159,true
31162,true
31168,true
31173,true
31180,true
31188,false
31191,true
31195,true
31197,true
31204,true
31205,true
31216,true
31217,true
31219,true
31220,true
31221,true
31223,true
31225,true
31229,true
31234,false
31240,false
31244,false
31245,true
31249,true
31267,true
31269,true
31275,true
31282,true
31284,true
31285,true
31289,true
31290,true
31291,true
31310,true
31312,false
31318,true
31326,true
31327,false
31328,true
31334,true
31337,true
31348,true
31355,true
31356,false
31357,true
31359,true
31365,true
31366,true
31368,true
31376,true
31377,true
31378,true
31383,true
31394,true
31399,true
31405,true
31410,true
31412,true
31415,false
31418,true
31419,true
31421,true
31424,true
31432,true
31433,true
31434,true
31440,true
31442,false
31458,true
31459,true
31464,true
31466,true
31470,true
31473,true
31480,true
31492,true
31493,true
31494,true
31495,true
31502,true
31511,true
31516,true
31519,true
31520,true
31523,true
31533,true
31540,true
31551,true
31555,false
31565,true
31568,true
31576,true
31590,true
31598,true
31600,true
31608,true
31609,false
31610,true
31611,false
31613,true
31614,true
31623,true
31641,true
31648,true
31649,true
31660,true
31661,true
31663,true
31665,true
31667,true
31668,true
31675,true
31677,true
31680,true
31689,false
31690,true
31691,true
31693,true
31699,true
31700,true
31701,true
31708,true
31710,true
31715,true
31716,true
31718,true
31719,true
31725,false
31726,true
31728,true
31731,true
31735,true
31742,true
31761,false
31773,true
31792,true
31795,true
31797,true
31798,true
31800,true
31801,true
31808,false
31809,true
31814,true
31815,true
31820,true
31821,true
31829,true
31831,true
31832,true
31833,true
31835,true
31836,true
31842,true
31844,true
31846,true
31847,true
31856,true
31859,true
31864,true
31865,true
31866,true
31870,true
31877,true
31879,true
31883,true
31884,true
31888,true
31898,true
31911,true
31916,true
31918,true
31924,true
31925,true
31929,true
31969,true
31972,true
31975,true
31976,true
31984,true
31998,true
32001,true
32002,true
32010,true
32016,true
32034,true
32042,true
32043,true
32047,true
32048,true
32052,true
32055,true
32060,false
32062,true
32077,true
32078,true
32081,true
32087,true
32121,true
32123,true
32130,true
32135,true
32142,true
32144,true
32153,true
32161,true
32167,true
32169,true
32170,true
32172,true
32175,true
32180,true
32182,true
32192,true
32193,false
32201,true
32202,true
32204,true
32213,true
32215,true
32220,true
32221,false
32223,true
32231,false
32235,true
32240,true
32244,true
32247,true
32249,true
32254,true
32258,true
32259,true
32266,true
32275,false
32279,true
32290,true
32293,true
32304,true
32314,true
32315,true
32317,true
32320,true
32328,true
32333,true
32338,true
32344,true
32345,true
32352,true
32364,true
32366,true
32376,true
32393,true
32394,true
32398,true
32404,true
32406,true
32408,true
32410,true
32416,true
32429,true
32436,true
32448,true
32449,true
32456,true
32457,true
32459,true
32460,true
32476,true
32484,false
32492,true
32501,true
32502,true
32503,true
32507,true
32509,true
32516,true
32518,false
32525,true
32528,true
32536,false
32538,false
32542,true
32549,false
32558,true
32560,true
